College,branch,percentile,admitted 
"Veermata Jijabai Technological Institute(VJTI), Matunga, Mumbai",Computer Engineering,99.87938037,1
"Veermata Jijabai Technological Institute(VJTI), Matunga, Mumbai",Computer Engineering,99.9101612,0
"Veermata Jijabai Technological Institute(VJTI), Matunga, Mumbai",Computer Engineering,99.90535031,1
COEP Technological University,Computer Engineering,99.8036116,1
COEP Technological University,Computer Engineering,99.7873044,1
COEP Technological University,Computer Engineering,99.85975245,0
COEP Technological University,Computer Engineering,99.88817841,1
COEP Technological University,Computer Engineering,99.7864246,1
COEP Technological University,Computer Engineering,99.80895048,1
"Veermata Jijabai Technological Institute(VJTI), Matunga, Mumbai",Computer Engineering,99.7069527,0
COEP Technological University,Computer Engineering,99.77807779,0
"Veermata Jijabai Technological Institute(VJTI), Matunga, Mumbai",Information Technology,99.74698946,1
"Veermata Jijabai Technological Institute(VJTI), Matunga, Mumbai",Information Technology,99.69270403,1
COEP Technological University,Computer Engineering,99.80618939,1
"Veermata Jijabai Technological Institute(VJTI), Matunga, Mumbai",Computer Engineering,99.74339072,0
"Bhartiya Vidya Bhavan's Sardar Patel Institute  of Technology , Andheri, Mumbai",Computer Engineering,99.66349725,0
COEP Technological University,Computer Engineering,99.70918422,1
"Veermata Jijabai Technological Institute(VJTI), Matunga, Mumbai",Computer Engineering,99.66834735,1
COEP Technological University,Computer Engineering,99.5887885,1
"Veermata Jijabai Technological Institute(VJTI), Matunga, Mumbai",Information Technology,99.59762052,0
"Veermata Jijabai Technological Institute(VJTI), Matunga, Mumbai",Computer Engineering,99.5723246,0
"Bhartiya Vidya Bhavan's Sardar Patel Institute  of Technology , Andheri, Mumbai",Computer Engineering,99.71119843,1
"Veermata Jijabai Technological Institute(VJTI), Matunga, Mumbai",Information Technology,99.59563355,1
COEP Technological University,Electronics and Telecommunication Engg,99.6104428,0
"Veermata Jijabai Technological Institute(VJTI), Matunga, Mumbai",Computer Engineering,99.69438515,1
COEP Technological University,Computer Engineering,99.5324399,0
"Pune Institute of Computer Technology, Dhankavdi, Pune",Computer Engineering,99.64396183,1
"Pune Institute of Computer Technology, Dhankavdi, Pune",Computer Engineering,99.61143036,0
"Veermata Jijabai Technological Institute(VJTI), Matunga, Mumbai",Information Technology,99.6214801,1
"Pune Institute of Computer Technology, Dhankavdi, Pune",Computer Engineering,99.5611277,1
COEP Technological University,Electronics and Telecommunication Engg,99.66906564,0
"Bhartiya Vidya Bhavan's Sardar Patel Institute  of Technology , Andheri, Mumbai",Computer Science and Engineering(Artificial Intelligence and Machine Learning),99.5295472,1
"Pune Institute of Computer Technology, Dhankavdi, Pune",Computer Engineering,99.64218668,0
"Pune Institute of Computer Technology, Dhankavdi, Pune",Computer Engineering,99.4881273,1
"Pune Institute of Computer Technology, Dhankavdi, Pune",Computer Engineering,99.5231372,0
COEP Technological University,Computer Engineering,99.61826597,1
"Bhartiya Vidya Bhavan's Sardar Patel Institute  of Technology , Andheri, Mumbai",Computer Science and Engineering(Data Science),99.48326243,1
"Veermata Jijabai Technological Institute(VJTI), Matunga, Mumbai",Computer Engineering,99.52822625,1
COEP Technological University,Electronics and Telecommunication Engg,99.55750341,1
"Veermata Jijabai Technological Institute(VJTI), Matunga, Mumbai",Computer Engineering,99.4288456,0
"Bhartiya Vidya Bhavan's Sardar Patel Institute  of Technology , Andheri, Mumbai",Computer Engineering,99.4169662,1
"Veermata Jijabai Technological Institute(VJTI), Matunga, Mumbai",Information Technology,99.4169662,0
"Bhartiya Vidya Bhavan's Sardar Patel Institute  of Technology , Andheri, Mumbai",Computer Engineering,99.50432046,1
COEP Technological University,Computer Engineering,99.3887704,0
"Bhartiya Vidya Bhavan's Sardar Patel Institute  of Technology , Andheri, Mumbai",Computer Science and Engineering(Artificial Intelligence and Machine Learning),99.47276253,1
"Pune Institute of Computer Technology, Dhankavdi, Pune",Information Technology,99.45574748,1
COEP Technological University,Electronics and Telecommunication Engg,99.42428723,1
"Veermata Jijabai Technological Institute(VJTI), Matunga, Mumbai",Electronics and Telecommunication Engg,99.42448066,1
"Veermata Jijabai Technological Institute(VJTI), Matunga, Mumbai",Electronics and Telecommunication Engg,99.49417474,1
COEP Technological University,Computer Engineering,99.39104585,0
COEP Technological University,Electronics and Telecommunication Engg,99.3551416,0
COEP Technological University,Electronics and Telecommunication Engg,99.4254022,1
"Veermata Jijabai Technological Institute(VJTI), Matunga, Mumbai",Electronics and Telecommunication Engg,99.3261199,1
"Walchand College of Engineering, Sangli",Computer Science and Engineering,99.49792696,1
"Bhartiya Vidya Bhavan's Sardar Patel Institute  of Technology , Andheri, Mumbai",Computer Science and Engineering(Data Science),99.42039942,0
"Pune Institute of Computer Technology, Dhankavdi, Pune",Computer Engineering,99.48152961,0
"Pune Institute of Computer Technology, Dhankavdi, Pune",Information Technology,99.3023917,1
"Pune Institute of Computer Technology, Dhankavdi, Pune",Computer Engineering,99.42929078,1
"Shri Vile Parle Kelvani Mandal's Dwarkadas J. Sanghvi College of Engineering, Vile Parle,Mumbai",Computer Engineering,99.40199246,0
"Bhartiya Vidya Bhavan's Sardar Patel Institute  of Technology , Andheri, Mumbai",Computer Science and Engineering(Artificial Intelligence and Machine Learning),99.36984802,1
"Pune Institute of Computer Technology, Dhankavdi, Pune",Information Technology,99.41641216,1
"Pune Institute of Computer Technology, Dhankavdi, Pune",Computer Engineering,99.2532022,1
"Pune Institute of Computer Technology, Dhankavdi, Pune",Information Technology,99.32179453,1
COEP Technological University,Computer Engineering,99.2240264,0
"Veermata Jijabai Technological Institute(VJTI), Matunga, Mumbai",Computer Engineering,99.2111765,1
"Pune Institute of Computer Technology, Dhankavdi, Pune",Computer Engineering,99.33458204,1
"Walchand College of Engineering, Sangli",Computer Science and Engineering,99.40043267,0
COEP Technological University,Electrical Engineering,99.32791283,1
"Veermata Jijabai Technological Institute(VJTI), Matunga, Mumbai",Information Technology,99.1864919,1
"Walchand College of Engineering, Sangli",Computer Science and Engineering,99.25950458,1
"Veermata Jijabai Technological Institute(VJTI), Matunga, Mumbai",Electronics and Telecommunication Engg,99.28281827,0
"Bhartiya Vidya Bhavan's Sardar Patel Institute  of Technology , Andheri, Mumbai",Computer Engineering,99.37443046,1
"Pune Institute of Computer Technology, Dhankavdi, Pune",Information Technology,99.28252556,1
COEP Technological University,Computer Engineering,99.1735246,1
"Pune Institute of Computer Technology, Dhankavdi, Pune",Information Technology,99.29862703,1
"Bhartiya Vidya Bhavan's Sardar Patel Institute  of Technology , Andheri, Mumbai",Computer Science and Engineering(Data Science),99.1956463,1
"Bhartiya Vidya Bhavan's Sardar Patel Institute  of Technology , Andheri, Mumbai",Computer Engineering,99.36558506,0
"Institute of Chemical Technology, Matunga, Mumbai",Chemical Engineering,99.1205908,0
"Pune Institute of Computer Technology, Dhankavdi, Pune",Computer Engineering,99.1205908,1
"Walchand College of Engineering, Sangli",Information Technology,99.1823648,1
"Bhartiya Vidya Bhavan's Sardar Patel Institute  of Technology , Andheri, Mumbai",Computer Science and Engineering(Artificial Intelligence and Machine Learning),99.2285419,1
COEP Technological University,Electronics and Telecommunication Engg,99.117312,1
COEP Technological University,Computer Engineering,99.49141973,0
"Pune Institute of Computer Technology, Dhankavdi, Pune",Computer Engineering,99.1089625,1
"Pune Institute of Computer Technology, Dhankavdi, Pune",Computer Engineering,99.1047971,1
"Bhartiya Vidya Bhavan's Sardar Patel Institute  of Technology , Andheri, Mumbai",Computer Engineering,99.07337,1
"Veermata Jijabai Technological Institute(VJTI), Matunga, Mumbai",Electronics Engineering,99.1873848,0
"Bhartiya Vidya Bhavan's Sardar Patel Institute  of Technology , Andheri, Mumbai",Computer Science and Engineering(Data Science),99.0732426,0
"Veermata Jijabai Technological Institute(VJTI), Matunga, Mumbai",Electronics Engineering,99.0697001,0
"Veermata Jijabai Technological Institute(VJTI), Matunga, Mumbai",Electronics and Telecommunication Engg,99.17964048,0
"Veermata Jijabai Technological Institute(VJTI), Matunga, Mumbai",Information Technology,99.22721057,1
"Veermata Jijabai Technological Institute(VJTI), Matunga, Mumbai",Electronics Engineering,99.19493913,1
"Pune Institute of Computer Technology, Dhankavdi, Pune",Information Technology,99.0420079,1
"Pune Institute of Computer Technology, Dhankavdi, Pune",Computer Engineering,99.2518724,1
"Institute of Chemical Technology, Matunga, Mumbai",Chemical Engineering,99.45759628,1
"Pune Institute of Computer Technology, Dhankavdi, Pune",Information Technology,99.15540051,0
"Pune Institute of Computer Technology, Dhankavdi, Pune",Information Technology,99.0185599,0
"Pune Institute of Computer Technology, Dhankavdi, Pune",Computer Engineering,99.0118577,0
"Bansilal Ramnath Agarawal Charitable Trust's Vishwakarma Institute of Technology, Bibwewadi, Pune",Computer Engineering,99.27079049,1
